source_frame,source_paper_id,citation,year,first_author,reference,doi,species,n_species,n_population_rows,source_selected_systematic_review_65,source_meta_analysis_31,source_meta_flag_raw,source_outcome_filter_status,existing_egwee_study_ids,countries,biomes,life_forms,life_cycles,mating_systems,self_incompatibility,pollination_classes,pollination_vectors,seed_dispersal_classes,seed_dispersal_vectors,cohorts,disturbance_classes,disturbance_codes,time_since_disturbance,title_method_screen_hints,potential_multilayer_screen,screening_status,screening_note
SF05,1,Beghe et al. 2017,2017,Beghe,"Beghé, D., Piotti, A., Satovic, Z., De La Rosa, R., Belaj, A., 2017. Pollen-mediated gene flow and fine-scale spatial genetic structure in Olea europaea subsp. europaea var. sylvestris. Ann. Bot. 119, 671–679. https://doi.org/10.1093/aob/mcw246",10.1093/aob/mcw246,Olea europaea spp europaea var sylvestris,1,1,yes,no,no,retained_after_source_FSGS_significance_and_outlier_filters,,Spain,Mediterranean forest,tree,Perennial,m.out,SI,Ab,Wi,Mix-l,Bi,adult,U,P1-Sp1-U,,C_screen;G_adult_FSGS,yes,bibliographic_materialized_not_effect_screened,Hints are title/method metadata only; no C/I/F/G_offspring effect eligibility or direction has been opened.
SF05,2,Berens et al. 2014,2014,Berens,"Berens, D.G., Braun, C., Gonzalez-Martinez, S.C., Griebeler, E.M., Nathan, R., Böhning-Gaese, K., 2014. Fine-scale spatial genetic dynamics over the life cycle of the tropical tree Prunus africana. Heredity (Edinb). 113, 401–407. https://doi.org/10.1038/hdy.2014.40",10.1038/hdy.2014.40,Prunus africana,1,1,yes,no,no,retained_after_source_FSGS_significance_and_outlier_filters,,Kenya,Tropical deciduous rainforest,tree,Perennial,m.out,,Bs,In,Mix-l,Pr,adult,FM,P2-Sp1-FM,>100 y,G_adult_FSGS;G_offspring_screen,yes,bibliographic_materialized_not_effect_screened,Hints are title/method metadata only; no C/I/F/G_offspring effect eligibility or direction has been opened.
SF05,4,Bizoux et al. 2009,2009,Bizoux,"Bizoux, J.P., Daïnou, K., Bourland, N., Hardy, O.J., Heuertz, M., Mahy, G., Doucet, J.L., 2009. Spatial genetic structure in Milicia excelsa (Moraceae) indicates extensive gene dispersal in a low-density wind-pollinated tropical tree. Mol. Ecol. 18, 4398–4408. https://doi.org/10.1111/j.1365-294X.2009.04365.x",10.1111/j.1365-294x.2009.04365.x,Milicia excelsa,1,2,yes,yes,yes,retained_after_source_FSGS_significance_and_outlier_filters,,Cameroon,Tropical,tree,Perennial,m.out,,Ab,Wi,Mix-l,Ba,non-defined mixed,FM,P4-Sp1-FM,decades,C_screen;D_screen;G_adult_FSGS,yes,bibliographic_materialized_not_effect_screened,Hints are title/method metadata only; no C/I/F/G_offspring effect eligibility or direction has been opened.
SF05,8,Cloutier et al. 2007,2007,Cloutier,"Cloutier, D., Hardy, O.J., Caron, H., Ciampi, A.Y., Degen, B., Kanashiro, M., Schoen, D.J., 2007. Low Inbreeding and High Pollen Dispersal Distances in Populations of Two Amazonian Forest Tree Species. Biotropica 39, 406–415. https://doi.org/10.1111/j.1744-7429.2007.00266.x",10.1111/j.1744-7429.2007.00266.x,Carapa guianensis;Sextonia rubra,2,2,yes,no,no,retained_after_source_FSGS_significance_and_outlier_filters,,Brazil;French Guiane,Tropical deciduous rainforest;Tropical forest,tree,Perennial,m.out,SC,Bs,In,Ab-s;Mix-l,Bi;Gr,adult,D,P8-Sp1-D;P8-Sp2-D,uns,C_screen;G_adult_FSGS,yes,bibliographic_materialized_not_effect_screened,Hints are title/method metadata only; no C/I/F/G_offspring effect eligibility or direction has been opened.
SF05,9,Dodd et al. 2013,2013,Dodd,"Dodd, R.S., Mayer, W., Nettel, A., Afzal-Rafii, Z., 2013. Clonal growth and fine-scale genetic structure in tanoak (Notholithocarpus densiflorus: Fagaceae). J. Hered. 104, 105–114. https://doi.org/10.1093/jhered/ess080",10.1093/jhered/ess080,Notholithocarpus densiflorus,1,4,yes,yes,yes,retained_after_source_FSGS_significance_and_outlier_filters,,USA,Forest,tree/shrub,Perennial,m.out,,Bs,In,Ab-s,Gr,non-defined mixed,D,P9-Sp1-D,>50 y,G_adult_FSGS,no,bibliographic_materialized_not_effect_screened,Hints are title/method metadata only; no C/I/F/G_offspring effect eligibility or direction has been opened.
SF05,10,Duminil et al. 2016a,2016,Duminil,"Duminil, J., Mendene Abessolo, D.T., Ndiade Bourobou, D., Doucet, J.L., Loo, J., Hardy, O.J., 2016. High selfing rate, limited pollen dispersal and inbreeding depression in the emblematic African rain forest tree Baillonella toxisperma – Management implications. For. Ecol. Manage. 379, 20–29. https://doi.org/10.1016/j.foreco.2016.08.003",10.1016/j.foreco.2016.08.003,Baillonella toxisperma,1,1,yes,no,no,retained_after_source_FSGS_significance_and_outlier_filters,,Gabon,Rainforest,tree,Perennial,mixed,SC,Bs,In,Mix-l,"El,Pr,Ro",defined mixed,D,P10-Sp1-D,>20 y,C_screen;G_adult_FSGS,yes,bibliographic_materialized_not_effect_screened,Hints are title/method metadata only; no C/I/F/G_offspring effect eligibility or direction has been opened.
SF05,11,Duminil et al. 2016,2016,Duminil,"Duminil, J., Daïnou, K., Kaviriri, D.K., Gillet, P., Loo, J., Doucet, J.L., Hardy, O.J., 2016. Relationships between population density, fine-scale genetic structure, mating system and pollen dispersal in a timber tree from African rainforests. Heredity (Edinb). 116, 295–303. https://doi.org/10.1038/hdy.2015.101",10.1038/hdy.2015.101,Erythrophleum suaveolens,1,3,yes,yes,yes,retained_after_source_FSGS_significance_and_outlier_filters,,Cameroon;DRC;Gabon,Semi-evergreen evergreen rainforest,tree,Perennial,mixed,SC,Bs,In,Ab-s,Gr,adult,D;U,P11-Sp1-D;P11-Sp1-U,>10 y,C_screen;D_screen;G_adult_FSGS,yes,bibliographic_materialized_not_effect_screened,Hints are title/method metadata only; no C/I/F/G_offspring effect eligibility or direction has been opened.
SF05,13,Ganzhorn et al. 2015,2015,Ghanzorn,"Ganzhorn, S.M., Thomas, W.W., Gaiotto, F.A., Lewis, J.D., 2015. Spatial genetic structure of Manilkara maxima (Sapotaceae), a tree species from the Brazilian Atlantic forest. J. Trop. Ecol. 31, 437–447. https://doi.org/10.1017/S0266467415000292",10.1017/s0266467415000292,Manikara maxima,1,3,yes,yes,yes,retained_after_source_FSGS_significance_and_outlier_filters,,Brazil,Atlantic forest,tree,Perennial,m.out,,Bs,In,Mix-l,"Ba,Bi,Pr",adult,FL;FM,P13-Sp1-FL;P13-Sp1-FM,>30 y,G_adult_FSGS,no,bibliographic_materialized_not_effect_screened,Hints are title/method metadata only; no C/I/F/G_offspring effect eligibility or direction has been opened.
SF05,15,Hardy et al. 2006,2006,Hardy,"Hardy, O.J., Maggia, L., Bandou, E., Breyne, P., Caron, H., Chevallier, M.H., Doligez, A., Dutech, C., Kremer, A., Latouche-Hallé, C., Troispoux, V., Veron, V., Degen, B., 2006. Fine-scale genetic structure and gene dispersal inferences in 10 Neotropical tree species. Mol. Ecol. 15, 559–571. https://doi.org/10.1111/j.1365-294X.2005.02785.x",10.1111/j.1365-294x.2005.02785.x,Dycorynia guianensis;Moronobea coccinea;Sextonia rubra;Symphonia globulifera;Vouacapoua americana,5,7,yes,yes,yes,retained_after_source_FSGS_significance_and_outlier_filters,,French Guiane,Tropical forest,tree,Perennial,,,Bmx;Bs,Bi;In,Mix-l;T-s,"Ba;Bi;Ro;Ro,Wi",non-defined mixed,U,P15-Sp10-U;P15-Sp3-U;P15-Sp6-U;P15-Sp7-U;P15-Sp8-U,,C_screen;G_adult_FSGS,yes,bibliographic_materialized_not_effect_screened,Hints are title/method metadata only; no C/I/F/G_offspring effect eligibility or direction has been opened.
SF05,16,Heer et al. 2015,2015,Heer,"Heer, K., Kalko, E.K.V., Albrecht, L., García-Villacorta, R., Staeps, F.C., Herre, E.A., Dick, C.W., 2015. Spatial scales of genetic structure in free-standing and strangler figs (Ficus, Moraceae) inhabiting neotropical forests. PLoS One 10, 1–18. https://doi.org/10.1371/journal.pone.0133581",10.1371/journal.pone.0133581,Ficus yoponensis,1,1,yes,no,no,retained_after_source_FSGS_significance_and_outlier_filters,,Republic of Panama,Moist tropical forest,tree,Perennial,,,Bs,In,Mix-l,Ba,non-defined mixed,FM,P16-Sp2-FM,>150 y,G_adult_FSGS,no,bibliographic_materialized_not_effect_screened,Hints are title/method metadata only; no C/I/F/G_offspring effect eligibility or direction has been opened.
SF05,17,Jump et al. 2012,2012,Jump,"Jump, A.S., Rico, L., Coll, M., Peñuelas, J., 2012. Wide variation in spatial genetic structure between natural populations of the European beech (Fagus sylvatica) and its implications for SGS comparability. Heredity (Edinb). 108, 633–639. https://doi.org/10.1038/hdy.2012.1",10.1038/hdy.2012.1,Fagus sylvatica,1,4,yes,yes,yes,retained_after_source_FSGS_significance_and_outlier_filters,,Spain,Temperate forest,tree,Perennial,m.out,,Ab,Wi,Ab-s,Gr,juvenil,U,P17-Sp1-U,uns,G_adult_FSGS,no,bibliographic_materialized_not_effect_screened,Hints are title/method metadata only; no C/I/F/G_offspring effect eligibility or direction has been opened.
SF05,19,Kyndt et al. 2009,2009,Kyndt,"Kyndt, T., Assogbadjo, A.E., Hardy, O.J., Kaka’Ï, R.G., Sinsin, B., Van Damme, P., Gheysen, G., 2009. Spatial genetic structuring of baobab (Adansonia digitata, Malvaceae) in the traditional agroforestry systems of west africa. Am. J. Bot. 96, 950–957. https://doi.org/10.3732/ajb.0800266",10.3732/ajb.0800266,Adansonia digitata,1,5,yes,yes,yes,retained_after_source_FSGS_significance_and_outlier_filters,,Burkina Faso;Republic of Benin;Republic of Ghana;Republic of Senegal,Savanna,tree,Perennial,m.out,,Bmx,Ba,Mix-l,Ba,non-defined mixed,D,P19-Sp1-D,uns,G_adult_FSGS,no,bibliographic_materialized_not_effect_screened,Hints are title/method metadata only; no C/I/F/G_offspring effect eligibility or direction has been opened.
SF05,20,Lemos et al. 2015,2015,Lemos,"Lemos, R.P.M., D’Oliveira, C.B., Stefenon, V.M., 2015. Genetic structure and internal gene flow in populations of Schinus molle (Anacardiaceae) in the Brazilian Pampa. Tree Genet. Genomes 11. https://doi.org/10.1007/s11295-015-0885-7",10.1007/s11295-015-0885-7,Schinus molle,1,9,yes,yes,yes,retained_after_source_FSGS_significance_and_outlier_filters,,Brazil,Savanna,tree,Perennial,,,Bs,In,Mix-l,"Bi, MMa",adult,FH,P20-Sp1-FH,uns,C_screen;G_adult_FSGS,yes,bibliographic_materialized_not_effect_screened,Hints are title/method metadata only; no C/I/F/G_offspring effect eligibility or direction has been opened.
SF05,21,Lind-Riehl & Gailing 2015,2015,Lind-Riehl,"Lind-Riehl, J., Gailing, O., 2015. Fine-scale spatial genetic structure of two red oak species, Quercus rubra and Quercus ellipsoidalis. Plant Syst. Evol. 301, 1601–1612. https://doi.org/10.1007/s00606-014-1173-y",10.1007/s00606-014-1173-y,Quercus ellipsoidalis;Quercus rubra,2,9,yes,yes,yes,retained_after_source_FSGS_significance_and_outlier_filters,,USA,Temperate forest,tree,Perennial,m.out,,Ab,Wi,Ab-s,Gr,non-defined mixed,FL;FM,P21-Sp1-FL;P21-Sp1-FM;P21-Sp2-FM,>100 y,G_adult_FSGS,no,bibliographic_materialized_not_effect_screened,Hints are title/method metadata only; no C/I/F/G_offspring effect eligibility or direction has been opened.
SF05,22,Mizuki et al. 2010,2010,Mizuki,"Mizuki, I., Ishida, K., Tani, N., Tsumura, Y., 2010. Fine-scale spatial structure of genets and sexes in the dioecious plant Dioscorea japonica, which disperses by both bulbils and seeds. Evol. Ecol. 24, 1399–1415. https://doi.org/10.1007/s10682-010-9396-z.",10.1007/s10682-010-9396-z,Dioscorea japonica,1,1,yes,no,no,retained_after_source_FSGS_significance_and_outlier_filters,,Japan,Forest,herb,Perennial,m.out,,Bs,In,Ab-l,Wi,adult,D,P22-Sp1-D,uns,G_adult_FSGS,no,bibliographic_materialized_not_effect_screened,Hints are title/method metadata only; no C/I/F/G_offspring effect eligibility or direction has been opened.
SF05,23,Nakagawa et al. 2010,2010,Nakagawa,"Nakagawa, M., 2010. Fine-scale genetic structure within plots of Polygala reinii (Polygalaceae) having an ant-dispersal seed. J. Plant Res. 123, 355–362. https://doi.org/10.1007/s10265-009-0276-y",10.1007/s10265-009-0276-y,Polygala reinii,1,2,yes,yes,yes,retained_after_source_FSGS_significance_and_outlier_filters,,Japan,Forest,herb,Perennial,m.out,,Bs,In,T-s,An,non-defined mixed,D,P23-Sp1-D,uns,G_adult_FSGS,no,bibliographic_materialized_not_effect_screened,Hints are title/method metadata only; no C/I/F/G_offspring effect eligibility or direction has been opened.
SF05,24,Oddou-Muratorio et al. 2004,2004,Oddou-Muratorio,"Oddou-Muratorio, S., Demesure-Musch, B., Pélissier, R., Gouyon, P.H., 2004. Impacts of gene flow and logging history on the local genetic structure of a scattered tree species, Sorbus torminalis L. Crantz. Mol. Ecol. 13, 3689–3702. https://doi.org/10.1111/j.1365-294X.2004.02373.x",10.1111/j.1365-294x.2004.02373.x,Sorbus torminalis,1,1,yes,no,no,retained_after_source_FSGS_significance_and_outlier_filters,,France,Temperate forest,tree,Perennial,m.out,,Bs,In,Mix-l,Bi,adult,D,P24-Sp1-D,>70 y,C_screen;G_adult_FSGS,yes,bibliographic_materialized_not_effect_screened,Hints are title/method metadata only; no C/I/F/G_offspring effect eligibility or direction has been opened.
SF05,25,Oddou-Muratorio et al. 2010,2010,Oddou-Muratorio,"Oddou-Muratorio, S., Bontemps, A., Klein, E.K., Chybicki, I., Vendramin, G.G., Suyama, Y., 2010. Comparison of direct and indirect genetic methods for estimating seed and pollen dispersal in Fagus sylvatica and Fagus crenata. For. Ecol. Manage. 259, 2151–2159. https://doi.org/10.1016/j.foreco.2010.03.001",10.1016/j.foreco.2010.03.001,Fagus crenata;Fagus sylvatica,2,4,yes,yes,yes,retained_after_source_FSGS_significance_and_outlier_filters,,France;Japan,"Pine forest, Fagus forest;Temperate deciduous forest",tree,Perennial,m.out,,Ab,Wi,Ab-s,Gr,adult,FL;U,P25-Sp1-FL;P25-Sp2-U,<20 y;uns,C_screen;G_adult_FSGS,yes,bibliographic_materialized_not_effect_screened,Hints are title/method metadata only; no C/I/F/G_offspring effect eligibility or direction has been opened.
SF05,27,Sant'Anna et al. 2013,2013,Sant'Anna,"Sant’Anna, C.S., Sebbenn, A.M., Klabunde, G.H.F., Bittencourt, R., Nodari, R.O., Mantovani, A., dos Reis, M.S., 2013. Realized pollen and seed dispersal within a continuous population of the dioecious coniferous Brazilian pine [Araucaria angustifolia (Bertol.) Kuntze]. Conserv. Genet. 14, 601–613. https://doi.org/10.1007/s10592-013-0451-5",10.1007/s10592-013-0451-5,Araucaria angustifolia,1,1,yes,no,no,retained_after_source_FSGS_significance_and_outlier_filters,,Brazil,Atlantic forest,tree,Perennial,m.out,,Ab,Wi,Ab-s,Gr,defined mixed,FL,P27-Sp1-FL,>80 y,G_adult_FSGS,no,bibliographic_materialized_not_effect_screened,Hints are title/method metadata only; no C/I/F/G_offspring effect eligibility or direction has been opened.
SF05,28,Schroeder et al. 2014,2014,Schroeder,"Schroeder, J.W., Tran, H.T., Dick, C.W., 2014. Fine scale spatial genetic structure in Pouteria reticulata (Engl.) Eyma (Sapotaceae), a dioecious, vertebrate dispersed tropical rain forest tree species. Glob. Ecol. Conserv. 1, 43–49. https://doi.org/10.1016/j.gecco.2014.07.002",10.1016/j.gecco.2014.07.002,Pouteria reticulata,1,1,yes,no,no,retained_after_source_FSGS_significance_and_outlier_filters,,Republic of Panama,Tropical deciduous rainforest,tree,Perennial,m.out,,Bs,In,Mix-l,"Bi, Pr",adult,FH,P28-Sp1-FH,>100 y,G_adult_FSGS,no,bibliographic_materialized_not_effect_screened,Hints are title/method metadata only; no C/I/F/G_offspring effect eligibility or direction has been opened.
SF05,29,Soto et al. 2007,2007,Soto,"Soto, A., Lorenzo, Z., Gil, L., 2007. Differences in fine-scale genetic structure and dispersal in Quercus ilex L. and Q. suber L.: Consequences for regeneration of mediterranean open woods. Heredity (Edinb). 99, 601–607. https://doi.org/10.1038/sj.hdy.6801007",10.1038/sj.hdy.6801007,Quercus ilex;Quercus suber,2,2,yes,no,no,retained_after_source_FSGS_significance_and_outlier_filters,,Spain,Mediterranean forest,tree,Perennial,m.out,,Ab,Wi,Mix-l,"Bi,Ro",defined mixed,FH,P29-Sp1-FH;P29-Sp2-FH,>20 y,G_adult_FSGS,no,bibliographic_materialized_not_effect_screened,Hints are title/method metadata only; no C/I/F/G_offspring effect eligibility or direction has been opened.
SF05,30,Theim et al. 2014,2014,Theim,"Theim, T.J., Shirk, R.Y., Givnish, T.J., 2014. Spatial genetic structure in four understory Psychotria species (Rubiaceae) and implications for tropical forest diversity. Am. J. Bot. 101, 1189–1199. https://doi.org/10.3732/ajb.1300460",10.3732/ajb.1300460,Psychothria horizontalis;Psychothria marginata;Psychotria acuminata;Psychotria hoffmannseggiana,4,4,yes,no,no,retained_after_source_FSGS_significance_and_outlier_filters,,Republic of Panama,Moist tropical forest,shrub,Perennial,m.out;m.self,SC.monomorphic;SI.heterostyly,Bs,In,Mix-l,Bi,non-defined mixed,FH,P30-Sp1-FH;P30-Sp2-FH;P30-Sp3-FH;P30-Sp4-FH,,G_adult_FSGS,no,bibliographic_materialized_not_effect_screened,Hints are title/method metadata only; no C/I/F/G_offspring effect eligibility or direction has been opened.
SF05,31,Trapnell et al. 2008,2008,Trapnell,"Theim, T.J., Shirk, R.Y., Givnish, T.J., 2014. Spatial genetic structure in four understory Psychotria species (Rubiaceae) and implications for tropical forest diversity. Am. J. Bot. 101, 1189–1199. https://doi.org/10.3732/ajb.1300460",10.3732/ajb.1300460,Ceratiola ericoides,1,2,yes,yes,yes,retained_after_source_FSGS_significance_and_outlier_filters,,USA,Shrubland,shrub,Perennial,m.out,,Ab,Wi,Ab-s;Mix-l,Bi;Gr,defined mixed,D,P31-Sp1-D,<40 y;>10 y,G_adult_FSGS,no,bibliographic_materialized_not_effect_screened,Hints are title/method metadata only; no C/I/F/G_offspring effect eligibility or direction has been opened.
SF05,32,Wang et al. 2011,2011,Wang,"Wang, R., Compton, S.G., Chen, X.Y., 2011. Fragmentation can increase spatial genetic structure without decreasing pollen-mediated gene flow in a wind-pollinated tree. Mol. Ecol. 20, 4421–4432. https://doi.org/10.1111/j.1365-294X.2011.05293.x",10.1111/j.1365-294x.2011.05293.x,Castanopsis sclerophylla,1,2,yes,yes,yes,retained_after_source_FSGS_significance_and_outlier_filters,,China,Subtropical evergreen forest,tree,Perennial,m.out,,Ab,Wi,Ab-s,Gr,defined mixed,FH,P32-Sp1-FH,>50 y,C_screen;G_adult_FSGS,yes,bibliographic_materialized_not_effect_screened,Hints are title/method metadata only; no C/I/F/G_offspring effect eligibility or direction has been opened.
SF05,42,Van Rossum & Triest 2003,2003,Van Rossum,"Van Rossum, F., Triest, L., 2003. Spatial Genetic Structure and Reproductive Success in Fragmented and Continuous Populations of Primula vulgaris. Folia Geobot. 38, 239–254.",,Primula vulgaris,1,3,yes,yes,yes,retained_after_source_FSGS_significance_and_outlier_filters,,Belgium,Moist deciduous forest,herb,Perennial,m.out,SI.distily,Bs,In,Ab-s,Au,adult,FM,P42-Sp1-FM,uns,F_screen;G_adult_FSGS,yes,bibliographic_materialized_not_effect_screened,Hints are title/method metadata only; no C/I/F/G_offspring effect eligibility or direction has been opened.
SF05,44,Van Rossum & Triest 2007,2007,Van Rossum,"Van Rossum, F., Triest, L., 2007. Fine-scale spatial genetic structure of the distylous Primula veris in fragmented habitats. Plant Biol. 9, 374–382. https://doi.org/10.1055/s-2006-924632",10.1055/s-2006-924632,Primula veris,1,3,yes,yes,yes,retained_after_source_FSGS_significance_and_outlier_filters,,Belgium,Grassland,herb,Perennial,m.out,SI.distily,Bs,In,Ab-s,Au,adult,FM,P44-Sp1-FM,decades,G_adult_FSGS,no,bibliographic_materialized_not_effect_screened,Hints are title/method metadata only; no C/I/F/G_offspring effect eligibility or direction has been opened.
SF05,46,Born et al. 2008,2008,Born,"Born, C., Hardy, O.J., Chevallier, M.H., Ossari, S., Attéké, C., Wickings, E.J., Hossaert-Mckey, M., 2008. Small-scale spatial genetic structure in the Central African rainforest tree species Aucoumea klaineana: A stepwise approach to infer the impact of limited gene dispersal, population history and habitat fragmentation. Mol. Ecol. 17, 2041–2050. https://doi.org/10.1111/j.1365-294X.2007.03685.x",10.1111/j.1365-294x.2007.03685.x,Aucoumea klaineana,1,6,yes,yes,yes,retained_after_source_FSGS_significance_and_outlier_filters,,Gabon,Tropical deciduous rainforest,tree,Perennial,m.out,,Bs,In,Ab-l,Wi,juvenil,FH;FL,P46-Sp1-FH;P46-Sp1-FL,>10 y;uns,C_screen;G_adult_FSGS,yes,bibliographic_materialized_not_effect_screened,Hints are title/method metadata only; no C/I/F/G_offspring effect eligibility or direction has been opened.
SF05,48,Aizawa et al. 2016,2016,Aizawa,"Aizawa, M., Nakayama, C., Ohkubo, T., 2016. Comparison of fine-scale spatial genetic structure of two sympatric Rhododendron shrub species in forest habitat having different seed weights: A case study. Silvae Genet. 65, 39–45. https://doi.org/10.1515/sg-2016-0015",10.1515/sg-2016-0015,Rhododendron kaempferi;Rhodondendron semibarbatum,2,2,yes,no,no,retained_after_source_FSGS_significance_and_outlier_filters,,Japan,Deciduous forest,shrub,Perennial,m.out,SI,Bs,In,Ab-l,Wi,non-defined mixed,D,P48-Sp1-D;P48-Sp2-D,>50 y,G_adult_FSGS,no,bibliographic_materialized_not_effect_screened,Hints are title/method metadata only; no C/I/F/G_offspring effect eligibility or direction has been opened.
SF05,49,Albaladejo et al. 2012,2012,Albadalejo,"Albaladejo, R.G., Guzmán, B., González-Martínez, S.C., Aparicio, A., 2012. Extensive pollen flow but few pollen donors and high reproductive variance in an extremely fragmented landscape. PLoS One 7, 1–9. https://doi.org/10.1371/journal.pone.0049012",10.1371/journal.pone.0049012,Pistacia lentiscus,1,1,yes,no,no,retained_after_source_FSGS_significance_and_outlier_filters,PS013,Spain,Mediterranean landscape,shrub,Perennial,m.out,,Ab,Wi,Mix-l,Bi,adult,FH,P49-Sp1-FH,uns,C_screen;G_adult_FSGS,yes,bibliographic_materialized_not_effect_screened,Hints are title/method metadata only; no C/I/F/G_offspring effect eligibility or direction has been opened.
SF05,51,Araujo et al. 2017,2017,Araujo,"Araújo, M.R.G., Melo Júnior, A.F. de, Menezes, E.V., Brandão, M.M., Cota, L.G., Oliveira, D.A. de, Royo, V. de A., Vieira, F.A., 2017. Fine-scale spatial genetic structure and gene flow in Acrocomia aculeata (Arecaceae): Analysis in an overlapping generation. Biochem. Syst. Ecol. 71, 147–154. https://doi.org/10.1016/j.bse.2017.02.005",10.1016/j.bse.2017.02.005,Acrocomia aculeata,1,1,yes,no,no,retained_after_source_FSGS_significance_and_outlier_filters,,Brazil,Tropical forest,tree,Perennial,m.out,SI,Bs,In,Ab-s,Gr,defined mixed,FH,P51-Sp1-FH,uns,C_screen;G_adult_FSGS,yes,bibliographic_materialized_not_effect_screened,Hints are title/method metadata only; no C/I/F/G_offspring effect eligibility or direction has been opened.
SF05,52,Bessega et al. 2016,2016,Bessega,"Bessega, C., Pometti, C.L., Ewens, M., Saidman, B.O., Vilardi, J.C., 2016. Fine-scale spatial genetic structure analysis in two Argentine populations of Prosopis alba (Mimosoideae) with different levels of ecological disturbance. Eur. J. For. Res. 135, 495–505. https://doi.org/10.1007/s10342-016-0948-9",10.1007/s10342-016-0948-9,Prosopis alba,1,1,yes,no,no,retained_after_source_FSGS_significance_and_outlier_filters,,Argentina,Forest,tree,Perennial,m.out,,Bs,In,T-s,Ro,adult,U,P52-Sp1-U,uns,G_adult_FSGS,no,bibliographic_materialized_not_effect_screened,Hints are title/method metadata only; no C/I/F/G_offspring effect eligibility or direction has been opened.
SF05,53,Browne et al. 2015,2015,Browne,"Browne, L., Ottewell, K., Karubian, J., 2015. Short-term genetic consequences of habitat loss and fragmentation for the neotropical palm Oenocarpus bataua. Heredity (Edinb). 115, 389–395. https://doi.org/10.1038/hdy.2015.35",10.1038/hdy.2015.35,Oenocarpus bataua,1,2,yes,no,yes,retained_after_source_FSGS_significance_and_outlier_filters,,Ecuador,Rainforest,tree,Perennial,m.out,,Bs,In,Mix-l,Bi,adult,FL;FM,P53-Sp1-FL;P53-Sp1-FM,<40 y,G_adult_FSGS,no,bibliographic_materialized_not_effect_screened,Hints are title/method metadata only; no C/I/F/G_offspring effect eligibility or direction has been opened.
SF05,54,Budde et al. 2017,2017,Budde,"Budde, K.B., González-Martínez, S.C., Navascués, M., Burgarella, C., Mosca, E., Lorenzo, Z., Zabal-Aguirre, M., Vendramin, G.G., Verdú, M., Pausas, J.G., Heuertz, M., 2017. Increased fire frequency promotes stronger spatial genetic structure and natural selection at regional and local scales in Pinus halepensis Mill. Ann. Bot. 119, 1061–1072. https://doi.org/10.1093/aob/mcw286",10.1093/aob/mcw286,Pinus halepensis,1,8,yes,yes,yes,retained_after_source_FSGS_significance_and_outlier_filters,,Spain,Mediterranean forest;Sclerophyllous semideciduous forests,tree,Perennial,,,Ab,Wi,Ab-l,Wi,adult,D,P54-Sp1-D-SNP;P54-Sp1-D-micros,<40 y,G_adult_FSGS,no,bibliographic_materialized_not_effect_screened,Hints are title/method metadata only; no C/I/F/G_offspring effect eligibility or direction has been opened.
SF05,56,Buzatti et al. 2012,2012,Buzatti,"Buzatti, R.S. de O., Ribeiro, R.A., Filho, J.P. de L., Lovato, M.B., 2012. Fine-scale spatial genetic structure of Dalbergia nigra (Fabaceae), a threatened and endemic tree of the Brazilian Atlantic Forest. Genet. Mol. Biol. 35, 838–846. https://doi.org/10.1590/S1415-47572012005000066",10.1590/s1415-47572012005000066,Dalbergia nigra,1,1,yes,no,no,retained_after_source_FSGS_significance_and_outlier_filters,,Brazil,Atlantic forest,tree,Perennial,m.out,,Bs,In,Ab-l,Wi,adult,U,P56-Sp1-U,,G_adult_FSGS,no,bibliographic_materialized_not_effect_screened,Hints are title/method metadata only; no C/I/F/G_offspring effect eligibility or direction has been opened.
SF05,57,Castilla et al. 2019,2019,Castilla,"Castilla, A.R., Garrote, P.J., ?ywiec, M., Calvo, G., Suárez-Esteban, A., Delibes, M., Godoy, J.A., Picó, F.X., Fedriani, J.M., 2019. Genetic rescue by distant trees mitigates qualitative pollen limitation imposed by fine-scale spatial genetic structure. Mol. Ecol. 28, 4363–4374. https://doi.org/10.1111/mec.15233",10.1111/mec.15233,Pyrus bourgaeana,1,2,yes,yes,yes,retained_after_source_FSGS_significance_and_outlier_filters,,Spain,Mediterranean landscape,tree,Perennial,m.out,SI.gam.prob,Bs,In,Mix-l,"MMa, Un",adult,FM,P57-Sp1-FM,uns,G_adult_FSGS,no,bibliographic_materialized_not_effect_screened,Hints are title/method metadata only; no C/I/F/G_offspring effect eligibility or direction has been opened.
SF05,62,Collevatti et al. 2014,2014,Collevatti,"Collevatti, R.G., Telles, M.P.C., Lima, J.S., Gouveia, F.O., Soares, T.N., 2014. Contrasting spatial genetic structure in Annona crassiflora populations from fragmented and pristine savannas. Plant Syst. Evol. 300, 1719–1727. https://doi.org/10.1007/s00606-014-0997-9",10.1007/s00606-014-0997-9,Annona crassiflora,1,1,yes,no,no,retained_after_source_FSGS_significance_and_outlier_filters,,Brazil,Savanna,tree,Perennial,,protogyny,Bs,In,Mix-l,Un,adult,FH,P62-Sp1-FH,>80 y,G_adult_FSGS,no,bibliographic_materialized_not_effect_screened,Hints are title/method metadata only; no C/I/F/G_offspring effect eligibility or direction has been opened.
SF05,64,Jacquemyn et al. 2006,2006,Jacquemyn,"Jacquemyn, H., Brys, R., Vandepitte, K., Honnay, O., Roldán-Ruiz, I., 2006. Fine-scale genetic structure of life history stages in the food-deceptive orchid Orchis purpurea. Mol. Ecol. 15, 2801–2808. https://doi.org/10.1111/j.1365-294X.2006.02978.x",10.1111/j.1365-294x.2006.02978.x,Orchis purpurea,1,2,yes,yes,yes,retained_after_source_FSGS_significance_and_outlier_filters,,Belgium,Forest;Grassland,herb,Perennial,m.out,,Bs,In,Ab-l,Wi,adult,D,P64-Sp1-D,>20 y,G_adult_FSGS,no,bibliographic_materialized_not_effect_screened,Hints are title/method metadata only; no C/I/F/G_offspring effect eligibility or direction has been opened.
SF05,65,Jacquemyn et al. 2009,2009,Jacquemyn,"Jacquemyn, H., Wiegand, T., Vandepitte, K., Brys, R., Roldán-Ruiz, I., Honnay, O., 2009. Multigenerational analysis of spatial structure in the terrestrial, food-deceptive orchid Orchis mascula. J. Ecol. 97, 206–216. https://doi.org/10.1111/j.1365-2745.2008.01464.x",10.1111/j.1365-2745.2008.01464.x,Orchis mascula,1,2,yes,yes,yes,retained_after_source_FSGS_significance_and_outlier_filters,,Belgium,Forest,herb,Perennial,m.out,,Bs,In,Ab-l,Wi,adult,U,P65-Sp1-U,uns,G_adult_FSGS,no,bibliographic_materialized_not_effect_screened,Hints are title/method metadata only; no C/I/F/G_offspring effect eligibility or direction has been opened.
SF05,66,Jin et al. 2012,2012,Jin,"Jin, Z., Li, J., Liu, L., 2012. Fine-scale spatial genetic structure within age classes of the two fragmented populations of Sinocalycanthus chinensis Cheng et S.Y. Chang, an endangered plant species endemic to China. Biochem. Syst. Ecol. 43, 117–124. https://doi.org/10.1016/j.bse.2012.02.023.",10.1016/j.bse.2012.02.023,Sinocalucanthus chinensis,1,1,yes,no,no,retained_after_source_FSGS_significance_and_outlier_filters,,China,Evergreen deciduous forest,shrub,Perennial,mixed,SC,Bs,In,Ab-s,Gr,defined mixed,FM,P66-Sp1-FM,uns,G_adult_FSGS;G_offspring_screen,yes,bibliographic_materialized_not_effect_screened,Hints are title/method metadata only; no C/I/F/G_offspring effect eligibility or direction has been opened.
SF05,67,Yamagishi et al. 2007,2007,Yamagishi,"Yamagishi, H., Tomimatsu, H., Ohara, M., 2007. Fine-scale spatial genetic structure within continuous and fragmented populations of Trillium camschatcense. J. Hered. 98, 367–372. https://doi.org/10.1093/jhered/esm040",10.1093/jhered/esm040,Trillium camschatcense,1,2,yes,no,no,retained_after_source_FSGS_significance_and_outlier_filters,,Japan,Temperate deciduous forest,herb,Perennial,m.out,,Bs,In,T-s,An,adult,FM;U,P67-Sp1-FM;P67-Sp1-U,uns,G_adult_FSGS,no,bibliographic_materialized_not_effect_screened,Hints are title/method metadata only; no C/I/F/G_offspring effect eligibility or direction has been opened.
SF05,68,Yao et al. 2011,2011,Yao,"Yao, X., Zhang, J., Ye, Q., Huang, H., 2011. Fine-scale spatial genetic structure and gene flow in a small, fragmented population of Sinojackia rehderiana (Styracaceae), an endangered tree species endemic to China. Plant Biol. 13, 401–410. https://doi.org/10.1111/j.1438-8677.2010.00361.x",10.1111/j.1438-8677.2010.00361.x,Sinojackia rehderiana,1,1,yes,no,no,retained_after_source_FSGS_significance_and_outlier_filters,,China,Evergreen forest,tree,Perennial,m.out,SC,Bs,In,Ab-s,Gr,defined mixed,FM,P68-Sp1-FM,uns,C_screen;G_adult_FSGS,yes,bibliographic_materialized_not_effect_screened,Hints are title/method metadata only; no C/I/F/G_offspring effect eligibility or direction has been opened.
SF05,69,Chung et a. 2007,2007,Chung,"Chung, M.Y., Nason, J.D., Chung, M.G., 2007. Effects of population succession on demographic and genetic processes: Predictions and tests in the daylily Hemerocallis thunbergii (Liliaceae). Mol. Ecol. 16, 2816–2829. https://doi.org/10.1111/j.1365-294X.2007.03361.x",10.1111/j.1365-294x.2007.03361.x,Hemerocallis thunbergii,1,1,yes,no,yes,retained_after_source_FSGS_significance_and_outlier_filters,,Korea,Grassland transition to shrubland or forest,herb,Perennial,mixed,SC,Bs,In,Ab-s,Gr,all,FL,P69-Sp1-FL,uns,D_screen;G_adult_FSGS,yes,bibliographic_materialized_not_effect_screened,Hints are title/method metadata only; no C/I/F/G_offspring effect eligibility or direction has been opened.
SF05,70,"Chybicki, et al. 2009 | Chybicki, et al. 2010",2010,Chybicki,"Chybicki, I.J., Trojankiewicz, M., Oleksa, A., Dzialuk, A., Burczyk, J., 2009. Isolation-by-distance within naturally established populations of European beech (Fagus sylvatica). Botany 87, 791–798. https://doi.org/10.1139/B09-049.",10.1139/b09-049,Fagus sylvatica,1,2,yes,no,no,retained_after_source_FSGS_significance_and_outlier_filters,,Poland,Coniferous forest,tree,Perennial,m.out,SC,Ab,Wi,Ab-s,Gr,adult,FM;U,P70-Sp1-FM;P70-Sp1-U,< 40 y;uns,G_adult_FSGS,no,bibliographic_materialized_not_effect_screened,Hints are title/method metadata only; no C/I/F/G_offspring effect eligibility or direction has been opened.
SF05,71,Cortes et al. 2013,2013,Cortes,"Côrtes, M.C., Uriarte, M., Lemes, M.R., Gribel, R., John Kress, W., Smouse, P.E., Bruna, E.M., 2013. Low plant density enhances gene dispersal in the Amazonian understory herb Heliconia acuminata. Mol. Ecol. 22, 5716–5729. https://doi.org/10.1111/mec.12495",10.1111/mec.12495,Heliconia acuminata,1,2,yes,no,no,retained_after_source_FSGS_significance_and_outlier_filters,,Brazil,Tropical forest,herb,Perennial,m.out,SI.func,Bmx,Bi,Mix-l,Bi,adult,FL;U,P71-Sp1-FL;P71-Sp1-U,< 40 y,C_screen;D_screen;G_adult_FSGS,yes,bibliographic_materialized_not_effect_screened,Hints are title/method metadata only; no C/I/F/G_offspring effect eligibility or direction has been opened.
SF05,73,Dering et al. 2018,2018,Dering,"Dering, M., Sękiewicz, K., Iszkuło, G., Chojnacka, A., Tomaszewski, D., Pers-Kamczyc, E., Karolewski, P., 2018. Spatial genetic structure and clonal structure of Prunus serotina during invasive spread. Silva Fenn. 52, 1–21. https://doi.org/10.14214/sf.9987",10.14214/sf.9987,Prunus serotina,1,4,yes,yes,yes,retained_after_source_FSGS_significance_and_outlier_filters,,Poland,Temperate forest,tree,Perennial,m.out,SI,Bs,In,Mix-l,Bi,adult,D;FM,P73-Sp1-D;P73-Sp1-FM,since 1960,G_adult_FSGS,no,bibliographic_materialized_not_effect_screened,Hints are title/method metadata only; no C/I/F/G_offspring effect eligibility or direction has been opened.
SF05,74,Gigant et al. 2016,2016,Gigant,"Gigant, R.L., De Bruyn, A., M’sa, T., Viscardi, G., Gigord, L., Gauvin-Bialecki, A., Pailler, T., Humeau, L., Grisoni, M., Besse, P., 2016. Combining pollination ecology and fine-scale spatial genetic structure analysis to unravel the reproductive strategy of an insular threatened orchid. South African J. Bot. 105, 25–35. https://doi.org/10.1016/j.sajb.2016.02.205",10.1016/j.sajb.2016.02.205,Vanilla humblotii,1,1,yes,no,no,retained_after_source_FSGS_significance_and_outlier_filters,,Comoros archipelago,Mesophyllous forest,herb,Perennial,m.out,SC,Bs,In,Ab-l,Wi,adult,FL,P74-Sp1-FL,,G_adult_FSGS,no,bibliographic_materialized_not_effect_screened,Hints are title/method metadata only; no C/I/F/G_offspring effect eligibility or direction has been opened.
SF05,75,Giombini et al. 2017,2017,Giombini,"Giombini, M.I., Bravo, S.P., Sica, Y. V., Tosto, D.S., 2017. Early genetic consequences of defaunation in a large-seeded vertebrate-dispersed palm (Syagrus romanzoffiana). Heredity (Edinb). 118, 568–577. https://doi.org/10.1038/hdy.2016.130",10.1038/hdy.2016.130,Syagrus romanzoffiana,1,6,yes,yes,yes,retained_after_source_FSGS_significance_and_outlier_filters,,Argentina,Atlantic forest,tree,Perennial,m.out,,Bs,In,Mix-l,Un,seedling,FH;U,P75-Sp1-FH;P75-Sp1-U,< 40 y,G_adult_FSGS,no,bibliographic_materialized_not_effect_screened,Hints are title/method metadata only; no C/I/F/G_offspring effect eligibility or direction has been opened.
SF05,76,Ismail et al. 2012,2012,Ismail,"Ismail, S.A., Ghazoul, J., Ravikanth, G., Uma Shaanker, R., Kushalappa, C.G., Kettle, C.J., 2012. Does long-distance pollen dispersal preclude inbreeding in tropical trees? Fragmentation genetics of Dysoxylum malabaricum in an agro-forest landscape. Mol. Ecol. 21, 5484–5496. https://doi.org/10.1111/mec.12054",10.1111/mec.12054,Dysoxylum malabaricum,1,1,yes,no,no,retained_after_source_FSGS_significance_and_outlier_filters,,India,Tropical rainforest,tree,Perennial,m.out,,Bs,In,Mix-l,Bi,adult,D,P76-Sp1-D,>100 y,C_screen;G_adult_FSGS,yes,bibliographic_materialized_not_effect_screened,Hints are title/method metadata only; no C/I/F/G_offspring effect eligibility or direction has been opened.
SF05,77,Pandey & Rajora 2012,2012,Pandey,"Pandey, M., Rajora, O.P., 2012. Higher fine-scale genetic structure in peripheral than in core populations of a long-lived and mixed-mating conifer - Eastern white cedar (Thuja occidentalis L.). BMC Evol. Biol. 12. https://doi.org/10.1186/1471-2148-12-48",10.1186/1471-2148-12-48,Thuja occidentalis,1,4,yes,yes,yes,retained_after_source_FSGS_significance_and_outlier_filters,,Canada,Coniferous forest,tree,Perennial,mixed,,Ab,Wi,Ab-l,Wi,non-defined mixed,FM;U,P77-Sp1-FM;P77-Sp1-U,long time,G_adult_FSGS,no,bibliographic_materialized_not_effect_screened,Hints are title/method metadata only; no C/I/F/G_offspring effect eligibility or direction has been opened.
SF05,79,Pometti et al. 2018,2018,Pometti,"Pometti, C., Bessega, C., Cialdella, A., Ewens, M., Saidman, B., Vilardi, J., 2018. Spatial genetic structure within populations and management implications of the South American species Acacia aroma (Fabaceae). PLoS One 13, 1–14. https://doi.org/10.1371/journal.pone.0192107",10.1371/journal.pone.0192107,Acacia aroma,1,3,yes,yes,yes,retained_after_source_FSGS_significance_and_outlier_filters,,Argentina,Dry forest,tree,Perennial,m.out,,Bs,In,Mix-l,Un,adult,FH,P79-Sp1-FH,>100 y,G_adult_FSGS,no,bibliographic_materialized_not_effect_screened,Hints are title/method metadata only; no C/I/F/G_offspring effect eligibility or direction has been opened.
SF05,80,Vaughan et al. 2007,2007,Vaughan,"Vaughan, S.P., Cottrell, J.E., Moodley, D.J., Connolly, T., Russell, K., 2007. Distribution and fine-scale spatial-genetic structure in British wild cherry (Prunus avium L.). Heredity (Edinb). 98, 274–283. https://doi.org/10.1038/sj.hdy.6800935",10.1038/sj.hdy.6800935,Prunus avium,1,2,yes,yes,yes,retained_after_source_FSGS_significance_and_outlier_filters,,Inglaterra,Temperate forest,tree,Perennial,m.out,,Bs,In,Mix-l,"Bi, MMa",adult,U,P80-Sp1-U,,G_adult_FSGS,no,bibliographic_materialized_not_effect_screened,Hints are title/method metadata only; no C/I/F/G_offspring effect eligibility or direction has been opened.
SF05,81,Zhao et al 2009,2009,Zhao,"Zhao, R., Xia, H., Lu, B.R., 2009. Fine-scale genetic structure enhances biparental inbreeding by promoting mating events between more related individuals in wild soybean (Glycine soja; Fabaceae) populations. Am. J. Bot. 96, 1138–1147. https://doi.org/10.3732/ajb.0800173",10.3732/ajb.0800173,Glycine soja,1,4,yes,yes,yes,retained_after_source_FSGS_significance_and_outlier_filters,,China,Riparian vegetation,tree,Perennial,m.self,SC,Bs,In,Ab-s,Au,adult,FH;U,P81-Sp1-FH;P81-Sp1-U,uns,G_adult_FSGS,no,bibliographic_materialized_not_effect_screened,Hints are title/method metadata only; no C/I/F/G_offspring effect eligibility or direction has been opened.
SF05,82,Morgan et al. 2017,2017,Morgan,"Morgan, E.J., Kaiser-Bunbury, C.N., Edwards, P.J., Fleischer-Dogley, F., Kettle, C.J., 2017. Keeping it in the family: strong fine-scale genetic structure and inbreeding in Lodoicea maldivica, the largest-seeded plant in the world. Conserv. Genet. 18, 1317–1329. https://doi.org/10.1007/s10592-017-0982-2 | Morgan, E.J., Kaiser-Bunbury, C.N., Edwards, P.J., Fleischer-Dogley, F., Kettle, C.J., 2017. Keeping it in the family: strong fine-scale genetic structure and inbreeding in Lodoicea maldivica, the largest-seeded plant in the world. Conserv. Genet. 18, 1317–1329. https://doi.org/10.1007/s10592-017-0982-3 | Morgan, E.J., Kaiser-Bunbury, C.N., Edwards, P.J., Fleischer-Dogley, F., Kettle, C.J., 2017. Keeping it in the family: strong fine-scale genetic structure and inbreeding in Lodoicea maldivica, the largest-seeded plant in the world. Conserv. Genet. 18, 1317–1329. https://doi.org/10.1007/s10592-017-0982-4 | Morgan, E.J., Kaiser-Bunbury, C.N., Edwards, P.J., Fleischer-Dogley, F., Kettle, C.J., 2017. Keeping it in the family: strong fine-scale genetic structure and inbreeding in Lodoicea maldivica, the largest-seeded plant in the world. Conserv. Genet. 18, 1317–1329. https://doi.org/10.1007/s10592-017-0982-5",10.1007/s10592-017-0982-2 | 10.1007/s10592-017-0982-3 | 10.1007/s10592-017-0982-4 | 10.1007/s10592-017-0982-5,Lodoicea maldivica,1,4,yes,yes,yes,retained_after_source_FSGS_significance_and_outlier_filters,,Seychelles archipelago,Tropical forest,tree,Perennial,m.out,,Bmx,Re,Ab-s,Gr,adult,FL;U,P82-Sp1-FL;P82-Sp1-U,uns,G_adult_FSGS,no,bibliographic_materialized_not_effect_screened,Hints are title/method metadata only; no C/I/F/G_offspring effect eligibility or direction has been opened.
SF05,83,Browne & Karubian 2018,2018,Browne,"Browne, L., Karubian, J., 2018. Habitat loss and fragmentation reduce effective gene flow by disrupting seed dispersal in a neotropical palm. Mol. Ecol. 27, 3055–3069. https://doi.org/10.1111/mec.14765",10.1111/mec.14765,Oenocarpus bataua,1,2,yes,no,no,retained_after_source_FSGS_significance_and_outlier_filters,,Ecuador,Rainforest,tree,Perennial,m.out,,Bs,In,Mix-l,Bi,seedling,FM;U,P83-Sp1-FM;P83-Sp1-U,<40 y,C_screen;G_adult_FSGS,yes,bibliographic_materialized_not_effect_screened,Hints are title/method metadata only; no C/I/F/G_offspring effect eligibility or direction has been opened.
SF05,84,Mathiasen & Premoli 2013,2013,Mathiasen,"Mathiasen, P., Premoli, A.C., 2013. Fine-scale genetic structure of Nothofagus pumilio (lenga) at contrasting elevations of the altitudinal gradient. Genetica 141, 95–105. https://doi.org/10.1007/s10709-013-9709-6",10.1007/s10709-013-9709-6,Nothofagus pumilio,1,1,yes,no,no,retained_after_source_FSGS_significance_and_outlier_filters,,Argentina,Temperate forest,tree/shrub,Perennial,m.out,SI,Ab,Wi,Ab-s,Gr,defined mixed,D,P84-Sp1-D,uns,G_adult_FSGS,no,bibliographic_materialized_not_effect_screened,Hints are title/method metadata only; no C/I/F/G_offspring effect eligibility or direction has been opened.
SF05,85,Monthe et al. 2017,2017,Monthe,"Monthe, F.K., Hardy, O.J., Doucet, J.L., Loo, J., Duminil, J., 2017. Extensive seed and pollen dispersal and assortative mating in the rain forest tree Entandrophragma cylindricum (Meliaceae) inferred from indirect and direct analyses. Mol. Ecol. 26, 5279–5291. https://doi.org/10.1111/mec.14241",10.1111/mec.14241,Entandrophragma cylindricum,1,1,yes,no,no,retained_after_source_FSGS_significance_and_outlier_filters,,Cameroon,Tropical forest,tree,Perennial,m.out,SC,Bs,In,Ab-l,Wi,adult,D,P85-Sp1-D,>25 y,C_screen;G_adult_FSGS,yes,bibliographic_materialized_not_effect_screened,Hints are title/method metadata only; no C/I/F/G_offspring effect eligibility or direction has been opened.
SF05,86,Raabova et al. 2015,2015,Raabova,"Raabová, J., Van Rossum, F., Jacquemart, A.L., Raspé, O., 2015. Population size affects genetic diversity and fine-scale spatial genetic structure in the clonal distylous herb Menyanthes trifoliata. Perspect. Plant Ecol. Evol. Syst. 17, 193–200. https://doi.org/10.1016/j.ppees.2015.02.005",10.1016/j.ppees.2015.02.005,Menyanthes trifoliata,1,9,yes,yes,yes,retained_after_source_FSGS_significance_and_outlier_filters,,Belgium,Bog;Fen,herb,Perennial,m.out,SI,Bs,In,Ab-l,Wa,adult,FH,P86-Sp1-FH,>150 y,D_screen;G_adult_FSGS,yes,bibliographic_materialized_not_effect_screened,Hints are title/method metadata only; no C/I/F/G_offspring effect eligibility or direction has been opened.
SF05,87,Octavio-Aguilar et al 2017,2017,Octavio-Aguilar,"Octavio-Aguilar, P., Iglesias-Andreu, L.G., de Cáceres-González, F.F.N., Galván-Hernández, D.M., 2017. Fine-scale genetic structure of Zamia furfuracea: Variation with life-cycle stages. Int. J. Plant Sci. 178, 57–66. https://doi.org/10.1086/689200",10.1086/689200,Zamia furfuraceae,1,1,yes,no,no,retained_after_source_FSGS_significance_and_outlier_filters,,Mexico,Tropical forest,shrub,Perennial,m.out,,Bs,In,Ab-s,Gr,all,FH,P87-Sp1-FH,10 y,G_adult_FSGS,no,bibliographic_materialized_not_effect_screened,Hints are title/method metadata only; no C/I/F/G_offspring effect eligibility or direction has been opened.
SF05,88,Xu et al. 2019,2019,Xu,"Xu, N., Jiang, K., Biswas, S.R., Tong, X., Wang, R., Chen, X., 2019. Clone Configuration and Spatial Genetic Structure of Two Halophila ovalis Populations With Contrasting Internode Lengths. Front. Ecol. Evol. 7, 1–13. https://doi.org/10.3389/fevo.2019.00170",10.3389/fevo.2019.00170,Halophila ovalis,1,2,yes,no,no,retained_after_source_FSGS_significance_and_outlier_filters,,China,Meadow,herb,Perennial,m.out,,Ab,Wa,Ab-l,Wa,non-defined mixed,FL;U,P88-Sp1-FL;P88-Sp1-U,uns,G_adult_FSGS,no,bibliographic_materialized_not_effect_screened,Hints are title/method metadata only; no C/I/F/G_offspring effect eligibility or direction has been opened.
SF05,90,Zuo et al. 2015,2015,Zuo,"Zuo, W., Song, W., Jin, Z., Li, J., 2015. Fine-scale spatial genetic structure of Glechoma longituba. Shengtai Xuebao/ Acta Ecol. Sin. 35, 5761–5768. https://doi.org/10.5846/stxb201312223001",10.5846/stxb201312223001,Glechoma longituba,1,2,yes,no,no,retained_after_source_FSGS_significance_and_outlier_filters,,China,Forest,herb,Perennial,,,Bs,In,Ab-s,Gr,non-defined mixed,FH;U,P90-Sp1-FH;P90-Sp1-U,uns,G_adult_FSGS,no,bibliographic_materialized_not_effect_screened,Hints are title/method metadata only; no C/I/F/G_offspring effect eligibility or direction has been opened.
SF05,91,Vandepitte et al. 2009,2009,Vandepitte,"Vandepitte, K., Roldán-Ruiz, I., Leus, L., Jacquemyn, H., Honnay, O., 2009. Canopy closure shapes clonal diversity and fine-scale genetic structure in the dioecious understorey perennial Mercurialis perennis. J. Ecol. 97, 404–414. https://doi.org/10.1111/j.1365-2745.2009.01484.x",10.1111/j.1365-2745.2009.01484.x,Mercurialis perennis,1,6,yes,yes,yes,retained_after_source_FSGS_significance_and_outlier_filters,,Belgium,Forest,herb,Perennial,m.out,,Ab,Wi,T-s,An,non-defined mixed,FL;FM;U,P91-Sp1-FL;P91-Sp1-FM;P91-Sp1-U,uns,G_adult_FSGS,no,bibliographic_materialized_not_effect_screened,Hints are title/method metadata only; no C/I/F/G_offspring effect eligibility or direction has been opened.
SF05,92,Jin et al. 2006,2006,Jin,"Jin, Y., He, T., Lu, B.R., 2006. Genetic spatial clustering: Significant implications for conservation of wild soybean (Glycine soja: Fabaceae). Genetica 128, 41–49. https://doi.org/10.1007/s10709-005-4823-8",10.1007/s10709-005-4823-8,Glycine soja,1,3,yes,yes,no,retained_after_source_FSGS_significance_and_outlier_filters,,China,Deciduous forest,herb,Anual,m.self,,Bs,In,Ab-s,Au,non-defined mixed,FL;U,P92-Sp1-FL;P92-Sp1-U,uns,G_adult_FSGS,no,bibliographic_materialized_not_effect_screened,Hints are title/method metadata only; no C/I/F/G_offspring effect eligibility or direction has been opened.
SF05,93,Lompo et al. 2020,2020,Lompo,"Lompo, D., Vinceti, B., Konrad, H., Duminil, J., Geburek, T., 2020. Fine-scale spatial genetic structure, mating, and gene dispersal patterns in Parkia biglobosa populations with different levels of habitat fragmentation. Appl. Plant Sci. 107, 1041–1053. https://doi.org/10.1002/ajb2.1504",10.1002/ajb2.1504,Parkia biglobosa,1,2,yes,yes,yes,retained_after_source_FSGS_significance_and_outlier_filters,,Burkina Faso,Savanna,tree,Perennial,m.out,SC,Bmx,"Ba,In",Mix-l,"Bi,Pr,Ro",adult,D,P93-Sp1-D,<30 y;<60 y,C_screen;G_adult_FSGS,yes,bibliographic_materialized_not_effect_screened,Hints are title/method metadata only; no C/I/F/G_offspring effect eligibility or direction has been opened.
SF05,94,Kettle et al. 2011,2011,Kettle,"Kettle, C.J., Hollingsworth, P.M., Burslem, D.F.R.P., Maycock, C.R., Khoo, E., Ghazoul, J., 2011. Determinants of fine-scale spatial genetic structure in three co-occurring rain forest canopy trees in Borneo. Perspect. Plant Ecol. Evol. Syst. 13, 47–56. https://doi.org/10.1016/j.ppees.2010.11.002",10.1016/j.ppees.2010.11.002,Parashorea tomentella;Shorea xanthophylla,2,2,yes,no,no,retained_after_source_FSGS_significance_and_outlier_filters,,Malaysia,Moist tropical forest,tree,Perennial,m.out,SC,Bs,In,Ab-s,Gr,adult,FM,P94-Sp1-FM;P94-Sp2-FM,uns,G_adult_FSGS,no,bibliographic_materialized_not_effect_screened,Hints are title/method metadata only; no C/I/F/G_offspring effect eligibility or direction has been opened.
SF05,96,Ayre et al. 2009,2009,Ayre,"Ayre, D., Ottewell, K., Krauss, S., Whelan, RJ. 2009. Genetic structure of seedling cohorts following repeated wildfires in the fire-sensitive shrub Persoonia mollis ssp nectens. Journal of Ecology 97(4): 752-760. https://doi.org/10.1111/j.1365-2745.2009.01516.x",10.1111/j.1365-2745.2009.01516.x,Persoonia mollis ssp nectens,1,1,yes,no,no,retained_after_source_FSGS_significance_and_outlier_filters,,Australia,Sclerophyllous forests,shrub,Perennial,m.out,SI,Bs,In,Ab-s,Gr,seedling,D,P96-Sp1-D,<10 y,G_adult_FSGS;G_offspring_screen,yes,bibliographic_materialized_not_effect_screened,Hints are title/method metadata only; no C/I/F/G_offspring effect eligibility or direction has been opened.
